03L109601;VALVULA ADMISION Y ESCAPE AMAROK;105402.00
A857;ACEITE 5W30;15425.00
RF03L121011J;BOMBA DE AGUA;896423.00
RF03L121011J;BOMBA DE AGUA;896423.00
RF198151CT;ANILLO DE PISTON AMAROK;146236.00
RF2566;AMORTIGUADORES DELANTEROS MAZDA 6;559856.00
RF31789;BRAZO AXIAL TERMINAL IZQUIERDA;95390.00
RF37317;SENSOR CIGUENAL;206990.00
RF5RT9018;ROTULA SUPERIOR;451300.00
RF7506;BOMBILLO DE UN FILAMENTO;5213.00
RF9517;FILTRO DE ACEITE;45211.00
RFBRIDA;BRIDA;85699.00
RFG927;AMORTIGUADORES TRASEROS CRAFTER;230300.00
RFKBS0996CR;BANDAS;113200.00
RFPK1555;CORREA;55216.00
RFSI5599;SILICONA GRIS;25556.00
WCS5194;CILINDRO AMAROK;741200.00
